Date,Day
9/14/22,Wednesday
9/15/22,Thursday
9/16/22,Friday
9/17/22,Saturday
9/18/22,Sunday
9/19/22,Monday
9/20/22,Tuesday
9/21/22,Wednesday
9/22/22,Thursday
9/23/22,Friday
9/24/22,Saturday
9/25/22,Sunday
9/26/22,Monday
9/27/22,Tuesday
9/28/22,Wednesday
9/29/22,Thursday
9/30/22,Friday
10/1/22,Saturday
10/2/22,Sunday
10/3/22,Monday
10/4/22,Tuesday
10/5/22,Wednesday
10/6/22,Thursday
10/7/22,Friday
10/8/22,Saturday
10/9/22,Sunday
10/10/22,Monday
10/11/22,Tuesday
10/12/22,Wednesday
10/13/22,Thursday
10/14/22,Friday
10/15/22,Saturday
10/16/22,Sunday
10/17/22,Monday
10/18/22,Tuesday
10/19/22,Wednesday
10/20/22,Thursday
10/21/22,Friday
10/22/22,Saturday
10/23/22,Sunday
10/24/22,Monday
10/25/22,Tuesday
10/26/22,Wednesday
10/27/22,Thursday
10/28/22,Friday
10/29/22,Saturday
10/30/22,Sunday
10/31/22,Monday
11/1/22,Tuesday
11/2/22,Wednesday
11/3/22,Thursday
11/4/22,Friday
11/5/22,Saturday
11/6/22,Sunday
11/7/22,Monday
11/8/22,Tuesday
11/9/22,Wednesday
11/10/22,Thursday
11/11/22,Friday
11/12/22,Saturday
11/13/22,Sunday
11/14/22,Monday
11/15/22,Tuesday
11/16/22,Wednesday
11/17/22,Thursday
11/18/22,Friday
11/19/22,Saturday
11/20/22,Sunday
11/21/22,Monday
11/22/22,Tuesday
11/23/22,Wednesday
11/24/22,Thursday
11/25/22,Friday
11/26/22,Saturday
11/27/22,Sunday
11/28/22,Monday
11/29/22,Tuesday
11/30/22,Wednesday
12/1/22,Thursday
12/2/22,Friday
12/3/22,Saturday
12/4/22,Sunday
12/5/22,Monday
12/6/22,Tuesday
12/7/22,Wednesday
12/8/22,Thursday
12/9/22,Friday
12/10/22,Saturday
12/11/22,Sunday
12/12/22,Monday
12/13/22,Tuesday
12/14/22,Wednesday
12/15/22,Thursday
12/16/22,Friday
12/17/22,Saturday
12/18/22,Sunday
12/19/22,Monday
12/20/22,Tuesday
12/21/22,Wednesday
12/22/22,Thursday
12/23/22,Friday
12/24/22,Saturday
12/25/22,Sunday
12/26/22,Monday
12/27/22,Tuesday
12/28/22,Wednesday
12/29/22,Thursday
12/30/22,Friday
12/31/22,Saturday
1/1/23,Sunday
1/2/23,Monday
1/3/23,Tuesday
1/4/23,Wednesday
1/5/23,Thursday
1/6/23,Friday
1/7/23,Saturday
1/8/23,Sunday
1/9/23,Monday
1/10/23,Tuesday
1/11/23,Wednesday
1/12/23,Thursday
1/13/23,Friday
1/14/23,Saturday
1/15/23,Sunday
1/16/23,Monday
1/17/23,Tuesday
1/18/23,Wednesday
1/19/23,Thursday
1/20/23,Friday
1/21/23,Saturday
1/22/23,Sunday
1/23/23,Monday
1/24/23,Tuesday
1/25/23,Wednesday
1/26/23,Thursday
1/27/23,Friday
1/28/23,Saturday
1/29/23,Sunday
1/30/23,Monday
1/31/23,Tuesday